train_batch;infer_batch;tid;pred;truth;probs
1;1;119;0;1;[[0.5654734969139099, 0.4345265030860901, 0.0, 0.0, 0.0, 0.0, 0.0]]
1;27;216;4;0;[[0.22885070741176605, 0.17199157178401947, 0.17032109200954437, 0.18153923749923706, 0.24729737639427185, 0.0, 0.0, 0.0, 0.0, 0.0, 0.0, 0.0, 0.0, 0.0, 0.0, 0.0, 0.0, 0.0, 0.0, 0.0, 0.0, 0.0, 0.0, 0.0]]
1;36;650;4;3;[[0.08751937001943588, 0.08905921876430511, 0.08967015147209167, 0.09696537256240845, 0.09719366580247879, 0.08781186491250992, 0.08922869712114334, 0.08837396651506424, 0.08964825421571732, 0.08998816460371017, 0.09454131871461868, 0.0, 0.0, 0.0, 0.0, 0.0, 0.0, 0.0, 0.0, 0.0, 0.0, 0.0, 0.0, 0.0, 0.0, 0.0, 0.0, 0.0, 0.0, 0.0, 0.0, 0.0, 0.0, 0.0, 0.0, 0.0, 0.0, 0.0, 0.0, 0.0, 0.0, 0.0]]
1;38;256;7;0;[[0.1235208734869957, 0.12488240003585815, 0.12488240003585815, 0.12120573222637177, 0.12497156858444214, 0.12478406727313995, 0.12787644565105438, 0.12787644565105438, 0.0, 0.0, 0.0, 0.0, 0.0, 0.0, 0.0, 0.0, 0.0, 0.0, 0.0, 0.0, 0.0, 0.0, 0.0, 0.0, 0.0, 0.0, 0.0, 0.0, 0.0, 0.0, 0.0, 0.0, 0.0, 0.0, 0.0, 0.0, 0.0, 0.0, 0.0, 0.0, 0.0, 0.0]]
