iteration;batch;load_data;load_dcs;detect_errors;setup_domain;featurize_data;setup_model;fit_model;infer_repairs;get_inferred_values;generate_repaired_dataset;repaired_table_copy_time;save_stats_time
1;1;0.133826;0.0020560000000000578;0.0599949999999998;5.351216793060303;10.02538;0.0030439999999991585;79.04693;0.1987580000000122;0.022581000000002405;0.08850800000000447;0;0
iteration;batch;load_data;load_dcs;detect_errors;setup_domain;featurize_data;setup_model;fit_model;infer_repairs;get_inferred_values;generate_repaired_dataset;repaired_table_copy_time;save_stats_time
1;1;0.16558799999999962;0.00197799999999404;5.494062423706055;10.108059000000011;0.0032530000000008386;79.591179;2.0448849999999936;0.05567999999999529;0.14563699999999358;0;0
